{"cameraMode":{"drawMode":0,"name":"Shaded","section":"Shading Mode"},"sceneLighting":false,"audioPlay":false,"sceneViewState":{"m_AlwaysRefresh":false,"showFog":true,"showSkybox":false,"showFlares":true,"showImageEffects":true,"showParticleSystems":true,"showVisualEffectGraphs":true,"m_FxEnabled":true},"in2DMode":false,"pivot":{"x":-0.1899999976158142,"y":1.0299999713897706,"z":4.639999866485596},"rotation":{"x":0.002260408364236355,"y":0.9948149919509888,"z":-0.09912079572677612,"w":0.02268671803176403},"size":1.091922402381897,"orthographic":false}